<keymap version="1" name="Visual Studio copy" parent="Visual Studio">
  <action id="ChangesView.GroupBy.Directory" />
  <action id="CloseActiveTab">
    <keyboard-shortcut first-keystroke="shift ctrl f4" />
    <keyboard-shortcut first-keystroke="shift ctrl w" />
  </action>
  <action id="CloseContent">
    <keyboard-shortcut first-keystroke="ctrl f4" />
    <keyboard-shortcut first-keystroke="ctrl w" />
  </action>
  <action id="EditorSelectWord">
    <keyboard-shortcut first-keystroke="ctrl alt right" />
  </action>
  <action id="EditorUnSelectWord">
    <keyboard-shortcut first-keystroke="ctrl alt left" />
  </action>
  <action id="ServiceView.GroupByServiceGroups" />
  <action id="ShowBookmarks" />
  <action id="TodoViewGroupByShowPackages" />
  <action id="XDebugger.AttachToLocalProcess" />
  <action id="XDebugger.AttachToProcess">
    <keyboard-shortcut first-keystroke="ctrl alt f5" />
    <keyboard-shortcut first-keystroke="ctrl alt p" />
  </action>
</keymap>